<xml xmlns="http://www.w3.org/1999/xhtml">
  <variables>
    <variable type="" id="d}[j|lj?s2aup_Dz}5~k">Monedas</variable>
    <variable type="" id="-H2q-L*d#xs6(MYA_zdw">Radio</variable>
    <variable type="" id="nyBSChSE(d%fih;0Z)Vj">Columnas</variable>
    <variable type="" id="CbY2E2aX=gN#wCkqH`+3">Ancho</variable>
    <variable type="" id="Acy,IpGFwqcwgYHGX-/F">Alto</variable>
    <variable type="" id="}0l;v2O$:UPV?mXMH$Oz">Densidad</variable>
    <variable type="" id="NGG9MVC[GJfl#ED:^]P~">Espesor</variable>
    <variable type="" id=";Y%EL#}a/|f9zTfi-Lnf">Chocolate necesario</variable>
    <variable type="" id="9bTkOXEWR/JhW{D2%,4%">Volumen tableta</variable>
    <variable type="" id="CVaWR2=0i(=eHb+}aAN$">2m</variable>
    <variable type="" id="UF45`umfqPqrOSs*(HGm">Volumen moneda</variable>
    <variable type="" id="EJT#S)nmZ91OHe**Z3Zj">Sobras</variable>
    <variable type="" id=";Zm+36qk3okP$x-e-:Ef">Tamaño tazas</variable>
    <variable type="" id=".+6XK=GLpDL)Pr-u:VJt">Precio</variable>
    <variable type="" id="O.WXNo2/#~A*n|[}:mQ+">Recauda</variable>
  </variables>
  <block type="variables_set" id="%~YzaQ7W?2v-W8oI.78m" x="139" y="-378">
    <field name="VAR" id="d}[j|lj?s2aup_Dz}5~k" variabletype="">Monedas</field>
    <value name="VALUE">
      <block type="text_prompt" id="j``/m^Zq`N;CdM)qL)2e">
        <mutation type="NUMBER"></mutation>
        <field name="TYPE">NUMBER</field>
        <field name="TEXT">Cant de monedas:</field>
      </block>
    </value>
    <next>
      <block type="variables_set" id="H$wlExK%=JnNl$/H}/a#">
        <field name="VAR" id="-H2q-L*d#xs6(MYA_zdw" variabletype="">Radio</field>
        <value name="VALUE">
          <block type="text_prompt" id="D;@IMFD2uKoZ0aCEsWZm">
            <mutation type="NUMBER"></mutation>
            <field name="TYPE">NUMBER</field>
            <field name="TEXT">Radio: </field>
          </block>
        </value>
        <next>
          <block type="variables_set" id="%fe_ne=$9.w@(7BmP1hR">
            <field name="VAR" id="nyBSChSE(d%fih;0Z)Vj" variabletype="">Columnas</field>
            <value name="VALUE">
              <block type="math_single" id=",WhMmJXHnYRWq=kz$MSa">
                <field name="OP">ROOT</field>
                <value name="NUM">
                  <block type="variables_get" id="GQ!N)k$^ao?{(URyyy~_">
                    <field name="VAR" id="d}[j|lj?s2aup_Dz}5~k" variabletype="">Monedas</field>
                  </block>
                </value>
              </block>
            </value>
            <next>
              <block type="text_print" id="Vockfs!,c[ri}0_9Km[U">
                <value name="TEXT">
                  <block type="text_join" id="ri|y[-L9yJKC,Lb]VE05">
                    <mutation items="7"></mutation>
                    <value name="ADD0">
                      <block type="text" id="%w)3iAZ#/cgJl@y4e-24">
                        <field name="TEXT">Para hacer </field>
                      </block>
                    </value>
                    <value name="ADD1">
                      <block type="variables_get" id="V^OY~q@eZhr2$CcOB1D_">
                        <field name="VAR" id="d}[j|lj?s2aup_Dz}5~k" variabletype="">Monedas</field>
                      </block>
                    </value>
                    <value name="ADD2">
                      <block type="text" id="H8CKQb.E?{1F9cdQ?1j@">
                        <field name="TEXT"> monedas, usaremos </field>
                      </block>
                    </value>
                    <value name="ADD3">
                      <block type="variables_get" id="HtcM2o:X6;-#^_Q0yMS/">
                        <field name="VAR" id="nyBSChSE(d%fih;0Z)Vj" variabletype="">Columnas</field>
                      </block>
                    </value>
                    <value name="ADD4">
                      <block type="text" id="wWX(9{}k[Y[o9*L,9s71">
                        <field name="TEXT"> columnas con </field>
                      </block>
                    </value>
                    <value name="ADD5">
                      <block type="variables_get" id="yM5g*SMv0G!SAAIhb,|f">
                        <field name="VAR" id="nyBSChSE(d%fih;0Z)Vj" variabletype="">Columnas</field>
                      </block>
                    </value>
                    <value name="ADD6">
                      <block type="text" id="*/%@%E;}u[e`V0AL;XAS">
                        <field name="TEXT"> monedas cada una</field>
                      </block>
                    </value>
                  </block>
                </value>
                <next>
                  <block type="variables_set" id="8keN){jLJLtJ(BURh5mG">
                    <field name="VAR" id="CbY2E2aX=gN#wCkqH`+3" variabletype="">Ancho</field>
                    <value name="VALUE">
                      <block type="math_arithmetic" id="v{PytZ8ok+Q$AxWIf{pu">
                        <field name="OP">MULTIPLY</field>
                        <value name="A">
                          <block type="math_arithmetic" id="VQWWJX/R*bcPR*ZT1ok[">
                            <field name="OP">ADD</field>
                            <value name="A">
                              <block type="math_number" id="F)1m.Go|gwXDDz3l,LMk">
                                <field name="NUM">2</field>
                              </block>
                            </value>
                            <value name="B">
                              <block type="math_arithmetic" id="dQPPs?*.Fnp~6*yIZL2c">
                                <field name="OP">MULTIPLY</field>
                                <value name="A">
                                  <block type="math_arithmetic" id="XU151xV!oakdn$yYIBn~">
                                    <field name="OP">MINUS</field>
                                    <value name="A">
                                      <block type="variables_get" id="r-tPWA{3By.R[;X,sVqV">
                                        <field name="VAR" id="nyBSChSE(d%fih;0Z)Vj" variabletype="">Columnas</field>
                                      </block>
                                    </value>
                                    <value name="B">
                                      <block type="math_number" id="6/r2J/9%[})?.65.ZG6*">
                                        <field name="NUM">1</field>
                                      </block>
                                    </value>
                                  </block>
                                </value>
                                <value name="B">
                                  <block type="math_single" id="m+B]+}:}feL:m@Asr^OE">
                                    <field name="OP">ROOT</field>
                                    <value name="NUM">
                                      <block type="math_number" id="7tumV-+oXCCdcNs8U?)b">
                                        <field name="NUM">3</field>
                                      </block>
                                    </value>
                                  </block>
                                </value>
                              </block>
                            </value>
                          </block>
                        </value>
                        <value name="B">
                          <block type="variables_get" id="*4h0XI#u(HVNc,r#Q,qN">
                            <field name="VAR" id="-H2q-L*d#xs6(MYA_zdw" variabletype="">Radio</field>
                          </block>
                        </value>
                      </block>
                    </value>
                    <next>
                      <block type="variables_set" id=")be4*e,)M`sAqBnM[[PJ">
                        <field name="VAR" id="Acy,IpGFwqcwgYHGX-/F" variabletype="">Alto</field>
                        <value name="VALUE">
                          <block type="math_arithmetic" id="(A;ii#CLF3h3=hRA[Y{Z">
                            <field name="OP">MULTIPLY</field>
                            <value name="A">
                              <block type="math_number" id="jE;VjKys|luME*@PZu)p">
                                <field name="NUM">2</field>
                              </block>
                            </value>
                            <value name="B">
                              <block type="variables_get" id="~]U^DPdfLG!w:4B~2b2m">
                                <field name="VAR" id="nyBSChSE(d%fih;0Z)Vj" variabletype="">Columnas</field>
                              </block>
                            </value>
                          </block>
                        </value>
                        <next>
                          <block type="variables_set" id="3kJ_2l0h,f!,5FSI*;~s">
                            <field name="VAR" id="Acy,IpGFwqcwgYHGX-/F" variabletype="">Alto</field>
                            <value name="VALUE">
                              <block type="math_arithmetic" id="IZHJt.A]ZhoGI=Gaz%F=">
                                <field name="OP">ADD</field>
                                <value name="A">
                                  <block type="variables_get" id="moylnK4xHk6mlha(wO2h">
                                    <field name="VAR" id="Acy,IpGFwqcwgYHGX-/F" variabletype="">Alto</field>
                                  </block>
                                </value>
                                <value name="B">
                                  <block type="math_number" id="Ym75=C3]-3|1Tkbo^)*K">
                                    <field name="NUM">1</field>
                                  </block>
                                </value>
                              </block>
                            </value>
                            <next>
                              <block type="variables_set" id="HleVF=4@5?mN@tA?oSl-">
                                <field name="VAR" id="Acy,IpGFwqcwgYHGX-/F" variabletype="">Alto</field>
                                <value name="VALUE">
                                  <block type="math_arithmetic" id="ul*ph}9k%q+0ydt-;6wT">
                                    <field name="OP">MULTIPLY</field>
                                    <value name="A">
                                      <block type="variables_get" id="+T1Dw[h8X,J`m,;wZiGU">
                                        <field name="VAR" id="Acy,IpGFwqcwgYHGX-/F" variabletype="">Alto</field>
                                      </block>
                                    </value>
                                    <value name="B">
                                      <block type="variables_get" id="c:uTHUG!:Ix39/r5oniW">
                                        <field name="VAR" id="-H2q-L*d#xs6(MYA_zdw" variabletype="">Radio</field>
                                      </block>
                                    </value>
                                  </block>
                                </value>
                                <next>
                                  <block type="text_print" id="5](JaGA.gB!~4KrkYt:#">
                                    <value name="TEXT">
                                      <block type="text_join" id="0qJge,v^jcMbZPWJe7r|">
                                        <mutation items="5"></mutation>
                                        <value name="ADD0">
                                          <block type="text" id="HrPzeO]L]-6gMUhD!_O)">
                                            <field name="TEXT">La tableta debe tener </field>
                                          </block>
                                        </value>
                                        <value name="ADD1">
                                          <block type="variables_get" id="ej^I|%/V;l$R@cxMTC`$">
                                            <field name="VAR" id="Acy,IpGFwqcwgYHGX-/F" variabletype="">Alto</field>
                                          </block>
                                        </value>
                                        <value name="ADD2">
                                          <block type="text" id="yI4kRP.~r@u}cLyy!q(9">
                                            <field name="TEXT"> [cm] de alto x </field>
                                          </block>
                                        </value>
                                        <value name="ADD3">
                                          <block type="variables_get" id="x34SOVush,_{e}SXCIJ#">
                                            <field name="VAR" id="CbY2E2aX=gN#wCkqH`+3" variabletype="">Ancho</field>
                                          </block>
                                        </value>
                                        <value name="ADD4">
                                          <block type="text" id="GsztdAUXLN[wuA34NP.z">
                                            <field name="TEXT"> [cm] de ancho</field>
                                          </block>
                                        </value>
                                      </block>
                                    </value>
                                    <next>
                                      <block type="variables_set" id="6ss^#Zs:-@`4k[e!Tzji">
                                        <field name="VAR" id="}0l;v2O$:UPV?mXMH$Oz" variabletype="">Densidad</field>
                                        <value name="VALUE">
                                          <block type="math_number" id="FKjw,K,+UfU(QfbXEk-q">
                                            <field name="NUM">1.03</field>
                                          </block>
                                        </value>
                                        <next>
                                          <block type="variables_set" id="wpqTB=ff(s~}I=P{.w#d">
                                            <field name="VAR" id="NGG9MVC[GJfl#ED:^]P~" variabletype="">Espesor</field>
                                            <value name="VALUE">
                                              <block type="math_number" id="fzv?-qPHIk6.1+`P]xzO">
                                                <field name="NUM">0.3</field>
                                              </block>
                                            </value>
                                            <next>
                                              <block type="variables_set" id="S43l:NACUC$vWduRtvSb">
                                                <field name="VAR" id=";Y%EL#}a/|f9zTfi-Lnf" variabletype="">Chocolate necesario</field>
                                                <value name="VALUE">
                                                  <block type="math_arithmetic" id="Mv%)_U,y3Y6g8.kdNA0v">
                                                    <field name="OP">MULTIPLY</field>
                                                    <value name="A">
                                                      <block type="math_arithmetic" id="Svz`i*dxV38?T,!4]gds">
                                                        <field name="OP">MULTIPLY</field>
                                                        <value name="A">
                                                          <block type="math_arithmetic" id="Y6/W/lPt@7bV1NG9mGCj">
                                                            <field name="OP">MULTIPLY</field>
                                                            <value name="A">
                                                              <block type="variables_get" id="#:o5CwJcci-dPm:f2kSq">
                                                                <field name="VAR" id="CbY2E2aX=gN#wCkqH`+3" variabletype="">Ancho</field>
                                                              </block>
                                                            </value>
                                                            <value name="B">
                                                              <block type="variables_get" id="W%][M8;:uhffuF`ovF^0">
                                                                <field name="VAR" id="Acy,IpGFwqcwgYHGX-/F" variabletype="">Alto</field>
                                                              </block>
                                                            </value>
                                                          </block>
                                                        </value>
                                                        <value name="B">
                                                          <block type="variables_get" id="0C=gD{;2PSxUEZH.f-*5">
                                                            <field name="VAR" id="NGG9MVC[GJfl#ED:^]P~" variabletype="">Espesor</field>
                                                          </block>
                                                        </value>
                                                      </block>
                                                    </value>
                                                    <value name="B">
                                                      <block type="variables_get" id="B){Xr]*aM?N5nkN.{9k@">
                                                        <field name="VAR" id="}0l;v2O$:UPV?mXMH$Oz" variabletype="">Densidad</field>
                                                      </block>
                                                    </value>
                                                  </block>
                                                </value>
                                                <next>
                                                  <block type="variables_set" id="^3?7UUF6#jhh0jqAsP([">
                                                    <field name="VAR" id=";Y%EL#}a/|f9zTfi-Lnf" variabletype="">Chocolate necesario</field>
                                                    <value name="VALUE">
                                                      <block type="math_arithmetic" id="lOCyp+S3F%7g*o6{30~X">
                                                        <field name="OP">DIVIDE</field>
                                                        <value name="A">
                                                          <block type="variables_get" id="*c;Yqo@fKW~co96n4y]H">
                                                            <field name="VAR" id=";Y%EL#}a/|f9zTfi-Lnf" variabletype="">Chocolate necesario</field>
                                                          </block>
                                                        </value>
                                                        <value name="B">
                                                          <block type="math_number" id="-!=Ax@$)^m=A7Dn.5b}S">
                                                            <field name="NUM">1000</field>
                                                          </block>
                                                        </value>
                                                      </block>
                                                    </value>
                                                    <next>
                                                      <block type="text_print" id="=ou9hqCL.Z^{g2gx^_RV">
                                                        <value name="TEXT">
                                                          <block type="text_join" id="5n}|VbATWoL@Fh!CbQ[q">
                                                            <mutation items="3"></mutation>
                                                            <value name="ADD0">
                                                              <block type="text" id="*Su8;_o5;A}JG7$Xigc#">
                                                                <field name="TEXT">Se requieren </field>
                                                              </block>
                                                            </value>
                                                            <value name="ADD1">
                                                              <block type="variables_get" id="0nm=zhu9*I1ztA):whlv">
                                                                <field name="VAR" id=";Y%EL#}a/|f9zTfi-Lnf" variabletype="">Chocolate necesario</field>
                                                              </block>
                                                            </value>
                                                            <value name="ADD2">
                                                              <block type="text" id="[u4::lXE8PNxdICFT?uT">
                                                                <field name="TEXT"> [kg] de chocolate</field>
                                                              </block>
                                                            </value>
                                                          </block>
                                                        </value>
                                                        <next>
                                                          <block type="variables_set" id="B31ncfJA+d`mp353^u2r">
                                                            <field name="VAR" id="9bTkOXEWR/JhW{D2%,4%" variabletype="">Volumen tableta</field>
                                                            <value name="VALUE">
                                                              <block type="math_arithmetic" id="5,r:Gvg4DyA!-agNiZtS">
                                                                <field name="OP">MULTIPLY</field>
                                                                <value name="A">
                                                                  <block type="math_arithmetic" id="Xq=e0zB#[DZXD2Jl//9]">
                                                                    <field name="OP">MULTIPLY</field>
                                                                    <value name="A">
                                                                      <block type="variables_get" id="j]e^=8Kxf$Gio+W_/NNS">
                                                                        <field name="VAR" id="Acy,IpGFwqcwgYHGX-/F" variabletype="">Alto</field>
                                                                      </block>
                                                                    </value>
                                                                    <value name="B">
                                                                      <block type="variables_get" id="7Hj!2PG3_/uTk,xr8!lD">
                                                                        <field name="VAR" id="CbY2E2aX=gN#wCkqH`+3" variabletype="">Ancho</field>
                                                                      </block>
                                                                    </value>
                                                                  </block>
                                                                </value>
                                                                <value name="B">
                                                                  <block type="variables_get" id="f^M298|d)e)VKN+131a^">
                                                                    <field name="VAR" id="NGG9MVC[GJfl#ED:^]P~" variabletype="">Espesor</field>
                                                                  </block>
                                                                </value>
                                                              </block>
                                                            </value>
                                                            <next>
                                                              <block type="variables_set" id="S{/c=g!@+2fYcg[~,Om0">
                                                                <field name="VAR" id="CVaWR2=0i(=eHb+}aAN$" variabletype="">2m</field>
                                                                <value name="VALUE">
                                                                  <block type="math_arithmetic" id="?HHzDv[*H~iuz9NV7KR5">
                                                                    <field name="OP">MULTIPLY</field>
                                                                    <value name="A">
                                                                      <block type="variables_get" id="|.)S)~,.myIEKbBrGazc">
                                                                        <field name="VAR" id="-H2q-L*d#xs6(MYA_zdw" variabletype="">Radio</field>
                                                                      </block>
                                                                    </value>
                                                                    <value name="B">
                                                                      <block type="variables_get" id="]yu+R59#Wq1~+dVxi_fU">
                                                                        <field name="VAR" id="-H2q-L*d#xs6(MYA_zdw" variabletype="">Radio</field>
                                                                      </block>
                                                                    </value>
                                                                  </block>
                                                                </value>
                                                                <next>
                                                                  <block type="variables_set" id="L05go5mSi0!gvz|kXvbP">
                                                                    <field name="VAR" id="UF45`umfqPqrOSs*(HGm" variabletype="">Volumen moneda</field>
                                                                    <value name="VALUE">
                                                                      <block type="math_arithmetic" id="z-!A`pbVXTdbV*kDq)!7">
                                                                        <field name="OP">MULTIPLY</field>
                                                                        <value name="A">
                                                                          <block type="math_arithmetic" id="asR}^6.?*Fb).RMF-|=u">
                                                                            <field name="OP">MULTIPLY</field>
                                                                            <value name="A">
                                                                              <block type="math_arithmetic" id="POD3e9QeE[x|Sa6bn$:+">
                                                                                <field name="OP">MULTIPLY</field>
                                                                                <value name="A">
                                                                                  <block type="math_constant" id=";5~pW7MXbLGrn1rP.]kA">
                                                                                    <field name="CONSTANT">PI</field>
                                                                                  </block>
                                                                                </value>
                                                                                <value name="B">
                                                                                  <block type="variables_get" id="D9fx2f.bEV_|Vy8.w^un">
                                                                                    <field name="VAR" id="CVaWR2=0i(=eHb+}aAN$" variabletype="">2m</field>
                                                                                  </block>
                                                                                </value>
                                                                              </block>
                                                                            </value>
                                                                            <value name="B">
                                                                              <block type="variables_get" id="P%+TN/;%(sj],xc`DS@~">
                                                                                <field name="VAR" id="NGG9MVC[GJfl#ED:^]P~" variabletype="">Espesor</field>
                                                                              </block>
                                                                            </value>
                                                                          </block>
                                                                        </value>
                                                                        <value name="B">
                                                                          <block type="variables_get" id="|*Cha!=Rxh_720m,d#A#">
                                                                            <field name="VAR" id="d}[j|lj?s2aup_Dz}5~k" variabletype="">Monedas</field>
                                                                          </block>
                                                                        </value>
                                                                      </block>
                                                                    </value>
                                                                    <next>
                                                                      <block type="variables_set" id=":%3!Z+5)N/hB1oZAd4:[">
                                                                        <field name="VAR" id="EJT#S)nmZ91OHe**Z3Zj" variabletype="">Sobras</field>
                                                                        <value name="VALUE">
                                                                          <block type="math_arithmetic" id="J)[Mb3vsQ1zF9*xy9e{|">
                                                                            <field name="OP">MINUS</field>
                                                                            <value name="A">
                                                                              <block type="variables_get" id="$NH=7DhG2Ee.-r3!OBX$">
                                                                                <field name="VAR" id="9bTkOXEWR/JhW{D2%,4%" variabletype="">Volumen tableta</field>
                                                                              </block>
                                                                            </value>
                                                                            <value name="B">
                                                                              <block type="variables_get" id="7,s-K$Vvu.}bzQ+P+X%5">
                                                                                <field name="VAR" id="UF45`umfqPqrOSs*(HGm" variabletype="">Volumen moneda</field>
                                                                              </block>
                                                                            </value>
                                                                          </block>
                                                                        </value>
                                                                        <next>
                                                                          <block type="text_print" id="~q})c00)ucf!MT/bP`_g">
                                                                            <value name="TEXT">
                                                                              <block type="text_join" id="jT+Bm@l87Os[|,~=fJmV">
                                                                                <mutation items="3"></mutation>
                                                                                <value name="ADD0">
                                                                                  <block type="text" id=":H5T1NId!2`i76Zg+@FL">
                                                                                    <field name="TEXT">Sobran </field>
                                                                                  </block>
                                                                                </value>
                                                                                <value name="ADD1">
                                                                                  <block type="variables_get" id="LtA:vuWW-QY.=!A4A3EY">
                                                                                    <field name="VAR" id="EJT#S)nmZ91OHe**Z3Zj" variabletype="">Sobras</field>
                                                                                  </block>
                                                                                </value>
                                                                                <value name="ADD2">
                                                                                  <block type="text" id="y$3*~oN^]qRU(RLVQne]">
                                                                                    <field name="TEXT"> [cm^3] de chocolate</field>
                                                                                  </block>
                                                                                </value>
                                                                              </block>
                                                                            </value>
                                                                            <next>
                                                                              <block type="controls_repeat" id="W9dD!+}L3CT);vyjOYFZ">
                                                                                <field name="TIMES">3</field>
                                                                                <statement name="DO">
                                                                                  <block type="variables_set" id="#24NIb=4cQOlizC%~6{7">
                                                                                    <field name="VAR" id=";Zm+36qk3okP$x-e-:Ef" variabletype="">Tamaño tazas</field>
                                                                                    <value name="VALUE">
                                                                                      <block type="math_random_int" id="nhlmcs2DO%c:LF-x6Y/z">
                                                                                        <value name="FROM">
                                                                                          <block type="math_number" id="zo-#+1r+fs8;8U__(RvS">
                                                                                            <field name="NUM">1500</field>
                                                                                          </block>
                                                                                        </value>
                                                                                        <value name="TO">
                                                                                          <block type="math_number" id="*?g!Qv!C2UdgL5sxzN5N">
                                                                                            <field name="NUM">2500</field>
                                                                                          </block>
                                                                                        </value>
                                                                                      </block>
                                                                                    </value>
                                                                                    <next>
                                                                                      <block type="variables_set" id="VI9@cd$0S$~lu8M:??xF">
                                                                                        <field name="VAR" id=".+6XK=GLpDL)Pr-u:VJt" variabletype="">Precio</field>
                                                                                        <value name="VALUE">
                                                                                          <block type="math_random_int" id="LDMU]nB/1*vTY[txSoCw">
                                                                                            <value name="FROM">
                                                                                              <block type="math_number" id=".X02EQrcM5V6kS+8t4Dd">
                                                                                                <field name="NUM">125</field>
                                                                                              </block>
                                                                                            </value>
                                                                                            <value name="TO">
                                                                                              <block type="math_number" id="X?poEUZawdd-U-d.L=M4">
                                                                                                <field name="NUM">250</field>
                                                                                              </block>
                                                                                            </value>
                                                                                          </block>
                                                                                        </value>
                                                                                        <next>
                                                                                          <block type="variables_set" id="i`?ukHc)`]hg_;%%mdGn">
                                                                                            <field name="VAR" id="O.WXNo2/#~A*n|[}:mQ+" variabletype="">Recauda</field>
                                                                                            <value name="VALUE">
                                                                                              <block type="math_arithmetic" id="UkQP2Or+s%{Bwp:rVOp@">
                                                                                                <field name="OP">MULTIPLY</field>
                                                                                                <value name="A">
                                                                                                  <block type="variables_get" id="Bs;n[1fh@%2mVMmlzbz5">
                                                                                                    <field name="VAR" id=".+6XK=GLpDL)Pr-u:VJt" variabletype="">Precio</field>
                                                                                                  </block>
                                                                                                </value>
                                                                                                <value name="B">
                                                                                                  <block type="math_arithmetic" id="[Ka.Cq#R)mvb}KQNM+X0">
                                                                                                    <field name="OP">DIVIDE</field>
                                                                                                    <value name="A">
                                                                                                      <block type="variables_get" id="bU7j/H6l8Fr[^!iI~64T">
                                                                                                        <field name="VAR" id="EJT#S)nmZ91OHe**Z3Zj" variabletype="">Sobras</field>
                                                                                                      </block>
                                                                                                    </value>
                                                                                                    <value name="B">
                                                                                                      <block type="variables_get" id=";]%)UrufTaolSF]?/UF;">
                                                                                                        <field name="VAR" id=";Zm+36qk3okP$x-e-:Ef" variabletype="">Tamaño tazas</field>
                                                                                                      </block>
                                                                                                    </value>
                                                                                                  </block>
                                                                                                </value>
                                                                                              </block>
                                                                                            </value>
                                                                                            <next>
                                                                                              <block type="text_print" id="_YHmcd?es_GXDCO!FMBI">
                                                                                                <value name="TEXT">
                                                                                                  <block type="text_join" id="U3h=sOa]llCN:^NN.smY">
                                                                                                    <mutation items="6"></mutation>
                                                                                                    <value name="ADD0">
                                                                                                      <block type="text" id="IBW80}ZZF;7H]*t|d7:4">
                                                                                                        <field name="TEXT">Cobrando </field>
                                                                                                      </block>
                                                                                                    </value>
                                                                                                    <value name="ADD1">
                                                                                                      <block type="variables_get" id="Xn{!m5FL{)q)m/V.gyN5">
                                                                                                        <field name="VAR" id=".+6XK=GLpDL)Pr-u:VJt" variabletype="">Precio</field>
                                                                                                      </block>
                                                                                                    </value>
                                                                                                    <value name="ADD2">
                                                                                                      <block type="text" id="cCMh]sHJ~HJ}Im1?pc+V">
                                                                                                        <field name="TEXT"> por tazas de </field>
                                                                                                      </block>
                                                                                                    </value>
                                                                                                    <value name="ADD3">
                                                                                                      <block type="variables_get" id="Tub%^k!|frfInI*qcfv%">
                                                                                                        <field name="VAR" id=";Zm+36qk3okP$x-e-:Ef" variabletype="">Tamaño tazas</field>
                                                                                                      </block>
                                                                                                    </value>
                                                                                                    <value name="ADD4">
                                                                                                      <block type="text" id="R!%K?1zuH$bMz`7DJKj,">
                                                                                                        <field name="TEXT"> [cm^3], Kiwi recauda $</field>
                                                                                                      </block>
                                                                                                    </value>
                                                                                                    <value name="ADD5">
                                                                                                      <block type="variables_get" id="IQkG;%ISg$k;saqwsp_I">
                                                                                                        <field name="VAR" id="O.WXNo2/#~A*n|[}:mQ+" variabletype="">Recauda</field>
                                                                                                      </block>
                                                                                                    </value>
                                                                                                  </block>
                                                                                                </value>
                                                                                              </block>
                                                                                            </next>
                                                                                          </block>
                                                                                        </next>
                                                                                      </block>
                                                                                    </next>
                                                                                  </block>
                                                                                </statement>
                                                                              </block>
                                                                            </next>
                                                                          </block>
                                                                        </next>
                                                                      </block>
                                                                    </next>
                                                                  </block>
                                                                </next>
                                                              </block>
                                                            </next>
                                                          </block>
                                                        </next>
                                                      </block>
                                                    </next>
                                                  </block>
                                                </next>
                                              </block>
                                            </next>
                                          </block>
                                        </next>
                                      </block>
                                    </next>
                                  </block>
                                </next>
                              </block>
                            </next>
                          </block>
                        </next>
                      </block>
                    </next>
                  </block>
                </next>
              </block>
            </next>
          </block>
        </next>
      </block>
    </next>
  </block>
  <block type="text" id="R8LQZjc.z%;Hlqsms_#E" x="520" y="-110">
    <field name="TEXT">Para hacer </field>
  </block>
</xml>